seq_id,start,end,strand,frame,length,nt_seq,aa_seq
example_2,70,289,-,-2,219,ATGGTCATGCCCGGTGGACAGAAAGGCTATGGCCCTTCCGTCGCAGGCGATACCAATCTTCGTCCGAGCACCGAGATAATATGGGTAGAAATGTCTAACAAACGTGCTGTTGCTCGGGTATTGCGATCTCATAGCTCTCAGCCCCTAATATTAAATACATGTGGATTCGTGTCCCGCATTGTGGGGTTTAAAGGAGATAATAGTAAGATCTGGTTTTAA,MVMPGGQKGYGPSVAGDTNLRPSTEIIWVEMSNKRAVARVLRSHSSQPLILNTCGFVSRIVGFKGDNSKIWF
example_16,53,257,+,+3,204,ATGCGGCCGAAAAAGATCACAGAGTTTGGGTTATGTATCCGCGATATACGCAATAAAACTCTACTCTATGTCGTGGAGGCAGAAGACCCACAGAGGTGCGGAATATCCGAGCCCACGATTCGTTTATCCACTGTCGACTTCATCGCGTTGCGAAGCAAAAAAGGCACTCAGTCGGGAGAAGGAAATGAAAAATGTGGTGTATGA,MRPKKITEFGLCIRDIRNKTLLYVVEAEDPQRCGISEPTIRLSTVDFIALRSKKGTQSGEGNEKCGV
example_13,118,301,+,+2,183,ATGCTAAAGCGATATAATGAAGGGACCCACCGGGAAGAGGAAAGATGCGGTAAGATGGCTAGGATCCCTTTTATCCAAACGTTACCGAAAGGCCCTTGTGTCCGGCTCTACCCAATGAAATACTGGTATCAATCGGGTTCGCGGGGAAACGGCTTTTTCTCTCCCGAACTGCCGGTTGCATAA,MLKRYNEGTHREEERCGKMARIPFIQTLPKGPCVRLYPMKYWYQSGSRGNGFFSPELPVA
example_4,92,272,-,-1,180,ATGAATTATTTTAAGCTTCATCCATGGAAAGCTATTGATGGGACGGGACTGAACACTAATCGATGTGCAGCGCCGCTATTGTTCTCTGACACCTACCTAGCGCAGGCAAACGTTTGGACGAGGCCCCGCACGAAGAATACGTGTAGGGTAAACGGTTGGCCCATTCCAGGAACGCAATAA,MNYFKLHPWKAIDGTGLNTNRCAAPLLFSDTYLAQANVWTRPRTKNTCRVNGWPIPGTQ
example_2,157,322,+,+2,165,ATGAGATCGCAATACCCGAGCAACAGCACGTTTGTTAGACATTTCTACCCATATTATCTCGGTGCTCGGACGAAGATTGGTATCGCCTGCGACGGAAGGGCCATAGCCTTTCTGTCCACCGGGCATGACCATAAGCCAGGTAAGAAGAGCAAAGAATTTTACTAA,MRSQYPSNSTFVRHFYPYYLGARTKIGIACDGRAIAFLSTGHDHKPGKKSKEFY
example_5,17,173,-,-1,156,ATGATTAGTGCAATCATGTGCAAGGTTTCGGTCACACAAATGAGCAATCGACATCGGCATTGCTCGTGCTTCTCCCCGTCTATGACTGCCCATCGAAATTTTCGGGAAGGGAGACGCCGGATGGTGGCTCTACGACTCTCTTGTATCACGCAATGA,MISAIMCKVSVTQMSNRHRHCSCFSPSMTAHRNFREGRRRMVALRLSCITQ
example_16,176,332,-,-1,156,ATGGTTGGCAGAACACACCTAGTGGGACCTCGGTTCCGTAGGCTAGGTGAGAATGGCCACAATCGTACTTATATTTCATACACCACATTTTTCATTTCCTTCTCCCGACTGAGTGCCTTTTTTGCTTCGCAACGCGATGAAGTCGACAGTGGATAA,MVGRTHLVGPRFRRLGENGHNRTYISYTTFFISFSRLSAFFASQRDEVDSG
example_3,177,324,-,-3,147,ATGAGGGTGCATTTACAGGTAATTGATATATTAAGGTCCACTGAGTGTTATCTCATATGCGTAGGCCTTTCTGTGCATTTGCCTGAGAAGGAGGATATTAGACGGGGGATTGCTCATCCTCCGAGAAAAGATGACGCGCCGACCTGA,MRVHLQVIDILRSTECYLICVGLSVHLPEKEDIRRGIAHPPRKDDAPT
example_19,172,319,-,-2,147,ATGGATTACCATGCTGCCTCACAATTTGCGCTGGGGGCGGCAATGTTGCCCCGTACGCTCGGAGGAACAAATACCAATCGTGTTGAAACGAAGATCGCTCGTAGTCACGAGGCTGAATTACCCTTCGCTACCTACATGACGTTGTAA,MDYHAASQFALGAAMLPRTLGGTNTNRVETKIARSHEAELPFATYMTL
example_1,44,188,+,+3,144,ATGGGCCTAACAGCGATTGAACAATGGGGTTTAAGTGGGGATGGTAGCTCCAGAACCCCACAATCGATACCGTGTTCCGAGGGCGGGCATACTGCACTAAGCATCAAGGCTCCAATTACTAAGGGAAGCGAGAACTTTACCTAA,MGLTAIEQWGLSGDGSSRTPQSIPCSEGGHTALSIKAPITKGSENFT
example_16,120,264,+,+1,144,ATGTCGTGGAGGCAGAAGACCCACAGAGGTGCGGAATATCCGAGCCCACGATTCGTTTATCCACTGTCGACTTCATCGCGTTGCGAAGCAAAAAAGGCACTCAGTCGGGAGAAGGAAATGAAAAATGTGGTGTATGAAATATAA,MSWRQKTHRGAEYPSPRFVYPLSTSSRCEAKKALSREKEMKNVVYEI
example_17,164,308,-,-1,144,ATGACTAACGCTTCGTGCGGTCCCCGACTTGGCCCGGGTCACCACCGATCGTCTGTCGCAAATCGCTCCGTATGTAGCCCAGAAGTGGCCCGATGGCGATCTCAACCTCAAGAAATGCTTTTATGGGTCGGGGAGGTTTTGTGA,MTNASCGPRLGPGHHRSSVANRSVCSPEVARWRSQPQEMLLWVGEVL
example_19,180,309,-,-3,129,ATGCTGCCTCACAATTTGCGCTGGGGGCGGCAATGTTGCCCCGTACGCTCGGAGGAACAAATACCAATCGTGTTGAAACGAAGATCGCTCGTAGTCACGAGGCTGAATTACCCTTCGCTACCTACATGA,MLPHNLRWGRQCCPVRSEEQIPIVLKRRSLVVTRLNYPSLPT
example_3,68,194,-,-1,126,ATGACGCGCCGACCTGACTCTTTTAAAACAGCGCATAGTCTGTCTCGGAAATCCGGGTATGGATGTCGCGGTACTGAGGCCCACCTTTTAATCACGGGTCACCACTCCCGGGGCGCGATCAGGTAA,MTRRPDSFKTAHSLSRKSGYGCRGTEAHLLITGHHSRGAIR
example_13,188,299,-,-1,111,ATGCAACCGGCAGTTCGGGAGAGAAAAAGCCGTTTCCCCGCGAACCCGATTGATACCAGTATTTCATTGGGTAGAGCCGGACACAAGGGCCTTTCGGTAACGTTTGGATAA,MQPAVRERKSRFPANPIDTSISLGRAGHKGLSVTFG
example_17,93,201,+,+1,108,ATGAACCCCACCGACAAGAATCTATCGGATACGAAGATTAGTTTTTGTAGTAAATCTATGGACTTTGGACTTCACAAAACCTCCCCGACCCATAAAAGCATTTCTTGA,MNPTDKNLSDTKISFCSKSMDFGLHKTSPTHKSIS
example_5,80,185,+,+3,105,ATGGGCAGTCATAGACGGGGAGAAGCACGAGCAATGCCGATGTCGATTGCTCATTTGTGTGACCGAAACCTTGCACATGATTGCACTAATCATAGTCGAGAGTAG,MGSHRRGEARAMPMSIAHLCDRNLAHDCTNHSRE
example_11,214,319,+,+2,105,ATGTTTACTTGTCTGTGGCGAATGCCCAATGGCACCCTAGTCCGGCTGGTTTATTCGACTACAACCTCAACTTGCAACTGGGTGAGCAGATGTATAGCAGCTTAG,MFTCLWRMPNGTLVRLVYSTTTSTCNWVSRCIAA
example_9,35,137,-,-1,102,ATGTCCCCAGCGTCTGAACCCAAAGTGGCGCAACTACCAAAGGACCTTTGGAATCGTCCCGGAAGCGAACTTAGTACGAAAAAGCGCTCTTTTATGCACTAG,MSPASEPKVAQLPKDLWNRPGSELSTKKRSFMH
example_13,134,236,+,+3,102,ATGAAGGGACCCACCGGGAAGAGGAAAGATGCGGTAAGATGGCTAGGATCCCTTTTATCCAAACGTTACCGAAAGGCCCTTGTGTCCGGCTCTACCCAATGA,MKGPTGKRKDAVRWLGSLLSKRYRKALVSGSTQ
example_15,226,328,+,+2,102,ATGGGACTATCAGGCATGAATGTCCCTCAACCCTTAGAACGCCTAGAACCGCAGCAGTCAAACACCCAGTCCAATGGGGTGACTCACTTGAGAATTCCTTAG,MGLSGMNVPQPLERLEPQQSNTQSNGVTHLRIP
example_17,114,216,-,-3,102,ATGGCGATCTCAACCTCAAGAAATGCTTTTATGGGTCGGGGAGGTTTTGTGAAGTCCAAAGTCCATAGATTTACTACAAAAACTAATCTTCGTATCCGATAG,MAISTSRNAFMGRGGFVKSKVHRFTTKTNLRIR
