seq_id	start	end	strand	frame	length	nt_seq
None	1610	2417	-	1	807	ATGTCCTGCGCGCAGTTGTGGAACAGCCCTAACTCCACCAGGCTAAGCCTGAAGCTTCCTGCTGCAAGAGCTGTGCACGTGGGCCTTGCTGGGTGGGGCAGTGCTAGTGGGGCGGGCGGGCGGGCAGGGGAAGAGGGCGGGCATTCTGAGCAGAGAGAGCTGCTTAGCAAAGGTAAGGCAAAAGGAGGCAAATGCATAAGGCACGAGGCAAGAACATGCAGAGCAGAGGACAAGGCCGACGAACGGGTAGGCTGGGGCGACACTAGGCAGCCTGGCCAACTCTGCCTGTCCCCCTGCTCTGCCCTAGGTCCCCGCACCTCCGATGCACCTGCCCCCACCACTCTCGCCGCTGCCTCCTGTCCTCTGGGGTGGAACAAACGGGGCTCAGGTTCCAGAGGCCACGACCCTTCGCCCCTCCTGGCGCAGAGACTTGGGGCCAAGGGTGGGCCTCGCAGAGGGGCGACGCCGCTCACCTCGGCGCTGCAAGGTCGTGCGGAGCTCCAACTGGTAGTTGTGTCTGCACACCCTGTCCACCGCCGCCCGTTTCCTCTCCAGGATGTCCTTCTGGCTGTTCCAGTACTCGGCGGCAGGCAGCCCCAGCAGCGTCACCGCCCGGAACTCCCCCACGTCGCTGTCGAAGCGCACGATCTCTTCTCGGTTATAGATGCTTCTGCTCACAAGACGCACGCGCTCTGTCCCGTTGGTGAAGTAGCACATGCCCTTAAACTGGTACACGAAATCCTCTGCGAGGAATCACCGGCCAGTCAGTGCGGCCCAGCCCGTCCGCCCCCGCAGCCGCCACCCTGA
None	1191	1653	+	1	462	ATGGGAAGGAAGGTATTTTACCCAGGGACCAAGAGAATAGGCGTATCGGAAGAGGACAGGTTTAATTCCTGGACCTGTCTCGTCATTCCCTTGAACTGTCAGGTTTATGTGGATAACTTTATCTCTGAGGTACCCAGGAGCTCCATGGAAAATGAGATTTCATGCGAGAACGCCCTGATCCCTCTAAGTGCAGAGGTCCATGTAAAATCAGCCCGACTGCCTCTTCACTTGGTTCACAGGCCGAGACAGGGACAGGGCTTTCCTCCCTTTCCTGCCTGTAGGAAGGCGGATTCCCGAAGACCCCCGAGAGGGCGGGCAGGGCTGGGCAGAGCCGCCGGGAGGATCCCAGGTCTGCAGCGCGAGGCACGGGCCGGCGGGAACTTGTGGTCGCGCGGGCTGTTCCACAGCTCCGGGCCGGGTCAGGGTGGCGGCTGCGGGGGCGGACGGGCTGGGCCGCACTGA
None	4775	5207	+	3	432	ATGCTGTGTGGTCTCACATCTCACTCCTATATCTTTCCCTGTCTGTTACTGCCCTCAGTGGAGCCCACAGTGACCATCTCCCCATCCAGGACAGAGGCCCTCAACCACCACAACCTGCTGGTCTGCTCGGTGACAGATTTCTATCCAGCCCAGATCAAAGTCCGGTGGTTTCGGAATGACCAGGAGGAGACAGCTGGCGTTGTGTCCACCCCCCTTATTAGGAATGGTGACTGGACCTTCCAGATCCTGGTGATGCTGGAAATGACTCCCCAGCGTGGAGACGTCTACACCTGCCACGTGGAGCACCCCAGCCTCCAGAGCCCCATCACCGTGGAGTGGCGTAAGGGGATATTGAGTTTCTGTTACTGTGGGCCCCACAAGACAAAGGACAGAGCTCCTTCTGACCCATCCCTTCCCATCTCTTATCCCTGA
None	5405	5816	+	3	411	ATGGATGAGTTCCTGAGGAGTGGAGATCTGCTTCCCCACTCTGTCACCTACTCACTGTATCCAAGGACCTATTGGCTGGCCTTTCCCTCCCTTAGGGGTGGTCTGAATGGAGAACTAGGTTCCTTTGATGCCTTCACCTCCTGCATCTCAGACTGGACTTCAGCTCCTCATCAGGGAAACTATGGGGTATGGGGACAAACACTGACACTCAGGCTCTGCTTCTCAGGGGCTCAATCTGAATCTGCCCAGAGCAAGATGCTGAGTGGCATTGGAGGCTTCGTGCTGGGGCTGATCTTCCTCGGGCTGGGCCTTATCATCCATCACAGGAGTCAGAAAGGTGAGGAACCCCAGGGGAAAAGGGGAAGATGGCCTGTGACCCAGACCCTCTGTTCAGAGAGGTCCTGTCTCTAG
None	1309	1702	-	2	393	ATGCCCTTAAACTGGTACACGAAATCCTCTGCGAGGAATCACCGGCCAGTCAGTGCGGCCCAGCCCGTCCGCCCCCGCAGCCGCCACCCTGACCCGGCCCGGAGCTGTGGAACAGCCCGCGCGACCACAAGTTCCCGCCGGCCCGTGCCTCGCGCTGCAGACCTGGGATCCTCCCGGCGGCTCTGCCCAGCCCTGCCCGCCCTCTCGGGGGTCTTCGGGAATCCGCCTTCCTACAGGCAGGAAAGGGAGGAAAGCCCTGTCCCTGTCTCGGCCTGTGAACCAAGTGAAGAGGCAGTCGGGCTGATTTTACATGGACCTCTGCACTTAGAGGGATCAGGGCGTTCTCGCATGAAATCTCATTTTCCATGGAGCTCCTGGGTACCTCAGAGATAA
None	31	400	+	2	369	ATGGAAACATCCACAGATTTTTATTCTTTCTGCCAGGTACATCAGATCCATCAGGTCCGAGCTGTGTTGACTACCACTTTTCCCTTCGTCTCAATTATGTCTTGGAAAAAGGCTTTGCGGATCCCCGGAGGCCTTCGGGCAGCAACTGTGACCTTGATGCTGTCGATGCTGAGCACCCCAGTGGCTGAGGGCAGAGACTCTCCCGGTAAGTGCAGGGCAGCTGCTCTCCAGAGCCGCTACTCTGGGAACAGGCTCTCCTTGGGCTGGGGTACGGGGATGGTGATCTCCATAATCTCGGACACAATCTTTTATCAACATTTCCTCTGTTTTGGGAAAGAGAGCTATGTTGCATTTCCATTTATCTTTTAA
None	121	490	-	2	369	ATGAACACTTTGTCTCCTCTTTTCTCTCCTCTCTCCTCCTCTTCCAGGCTTAAGCCTGTAGGATGGGATTGGATTGTCCTCACTTCATCATTAAAAGATAAATGGAAATGCAACATAGCTCTCTTTCCCAAAACAGAGGAAATGTTGATAAAAGATTGTGTCCGAGATTATGGAGATCACCATCCCCGTACCCCAGCCCAAGGAGAGCCTGTTCCCAGAGTAGCGGCTCTGGAGAGCAGCTGCCCTGCACTTACCGGGAGAGTCTCTGCCCTCAGCCACTGGGGTGCTCAGCATCGACAGCATCAAGGTCACAGTTGCTGCCCGAAGGCCTCCGGGGATCCGCAAAGCCTTTTTCCAAGACATAATTGA
None	1700	2033	+	3	333	ATGTGCTACTTCACCAACGGGACAGAGCGCGTGCGTCTTGTGAGCAGAAGCATCTATAACCGAGAAGAGATCGTGCGCTTCGACAGCGACGTGGGGGAGTTCCGGGCGGTGACGCTGCTGGGGCTGCCTGCCGCCGAGTACTGGAACAGCCAGAAGGACATCCTGGAGAGGAAACGGGCGGCGGTGGACAGGGTGTGCAGACACAACTACCAGTTGGAGCTCCGCACGACCTTGCAGCGCCGAGGTGAGCGGCGTCGCCCCTCTGCGAGGCCCACCCTTGGCCCCAAGTCTCTGCGCCAGGAGGGGCGAAGGGTCGTGGCCTCTGGAACCTGA
None	4648	4954	+	2	306	ATGTTGTTTGTCTTTGGATTCTCAGTGATTGTTATATTTATATTTGTTGAAGGAACCTTAATCCAAGACTTGGACTCCAAGTATCTTTCCACTCTGGTTCCAAGGAGGGACCTTCCTCACAGCAGGCATGCTGTGTGGTCTCACATCTCACTCCTATATCTTTCCCTGTCTGTTACTGCCCTCAGTGGAGCCCACAGTGACCATCTCCCCATCCAGGACAGAGGCCCTCAACCACCACAACCTGCTGGTCTGCTCGGTGACAGATTTCTATCCAGCCCAGATCAAAGTCCGGTGGTTTCGGAATGA
None	125	389	-	1	264	ATGGAAATGCAACATAGCTCTCTTTCCCAAAACAGAGGAAATGTTGATAAAAGATTGTGTCCGAGATTATGGAGATCACCATCCCCGTACCCCAGCCCAAGGAGAGCCTGTTCCCAGAGTAGCGGCTCTGGAGAGCAGCTGCCCTGCACTTACCGGGAGAGTCTCTGCCCTCAGCCACTGGGGTGCTCAGCATCGACAGCATCAAGGTCACAGTTGCTGCCCGAAGGCCTCCGGGGATCCGCAAAGCCTTTTTCCAAGACATAA
None	609	837	+	1	228	ATGATTTCCTGCATTGGGAAATGCAAGGCAGCAATGGTGTCTGTAGTCTCCGTATTTGGGGAAAAGTTGTCTGTATTCCTGACCCAGTGGAGCGTTTGTGGAGGCAAAATCTTGGTACTGAGGGAAGCTGACTGGCTGACCACAGAAAGAGAGCCTTCAGGTTTCACTGATTTATGGGCAAATGGTGACCTGAGTGGGATTCAGATACCCGAGTTGATGATGGACTAA
None	2220	2436	+	1	216	ATGCATTTGCCTCCTTTTGCCTTACCTTTGCTAAGCAGCTCTCTCTGCTCAGAATGCCCGCCCTCTTCCCCTGCCCGCCCGCCCGCCCCACTAGCACTGCCCCACCCAGCAAGGCCCACGTGCACAGCTCTTGCAGCAGGAAGCTTCAGGCTTAGCCTGGTGGAGTTAGGGCTGTTCCACAACTGCGCGCAGGACATTCAGCAATTACAGTTGTGA
None	6490	6700	-	2	210	ATGAAGACACAGAACTTCAGCTTGATGCAGATGTGTGGGAGGTGGGGGAACAGCTGTTACTCTTCTGGTGAATATGAAGGGTTCAATCTTTTTAGGAAATTGGATGATACCTCATCCCTACCACTAGCAGCCTCTTTCAGTCACTGGAAAATGCCTACAGGCAGTAGCCACCATCATGTGGCACAAAGTGGGCATCATCCTAGTGTCTAA
None	5206	5401	+	2	195	ATGTCACTGCTGAGCTGGGAATCACAGGAGACTAGAGCACCTCTAGTTCCATGGCGAGTGCATCAGAAGAATCCTGATCTCATCACCTTTCCAGATGCTAGGGAAATTACTCTACATACTGTTGCTCTGGATCCCAGTCCTGATTGCTCTGAGGAACTGATTATTAGGGCTGGTGACTGGGATCTTAGGGTCTAA
None	1906	2095	-	2	189	ATGCACCTGCCCCCACCACTCTCGCCGCTGCCTCCTGTCCTCTGGGGTGGAACAAACGGGGCTCAGGTTCCAGAGGCCACGACCCTTCGCCCCTCCTGGCGCAGAGACTTGGGGCCAAGGGTGGGCCTCGCAGAGGGGCGACGCCGCTCACCTCGGCGCTGCAAGGTCGTGCGGAGCTCCAACTGGTAG
None	3519	3702	+	1	183	ATGATAAACACTTTAAGTAATCAGCCCATAATTGCTCACCAAGACCTTAAGCCTCCCAAAGTACACAACATTCTTTGTGTTCTTCACTACACATCCATAGAGTCTAAGGGACGTAAAGCCTCGTTAAAGCCAGTTTTGACCAGAAGCAGCAATGAGTCTATTCCTGTGTGTTTTCCATGTTAA
None	3776	3956	+	3	180	ATGCAGGTTTGCAAAACCTTTAGTTTACTTAATACTCCCTTGCCTTCTTTTGATTCACATCCTAATGCCAGCAAATACTTATGTTTTTGCTATTTCAGTTCCATTTCCATAAAATTTATTTTATCATCTTTTCTCATAAATTTATGCCCTCTATTTTTACTCCCAATCTGTTTAAGATGA
None	5718	5898	-	3	180	ATGCCTCCTCCAACCTTGTCCTGTCTCCTTCCACTTCCAGCTCAGCTTTCTTCCTCTCAGGGTCAGGAGGAAAGAGCTACATCTAGAGACAGGACCTCTCTGAACAGAGGGTCTGGGTCACAGGCCATCTTCCCCTTTTCCCCTGGGGTTCCTCACCTTTCTGACTCCTGTGATGGATGA
None	4061	4220	+	3	159	ATGATGGCTCATGAGTGCCATTTAATTGGGGTGCCACCTGGTGACCTCAGCAAATCCCAGCTATATTTATGTGTTCACATTACAGGATCATTAACCCAGACCGACCACTGCACAGATCTCAGAATATTTTCTATGGAGAACATACATAATAATGCCTGA
None	3389	3539	+	3	150	ATGTTACGTCATTTAATCTCACAGTTACTTGTGCATCAGAGATTAGCATCACCACTTTATATATTGGTACATGATAAACACTTTATTGGTCATGGATGGGGAGATGGTCACTGTAGGCTAATATTGGTACATGATAAACACTTTAAGTAA
None	4222	4357	-	2	135	ATGCTTTCTTTATTTAGTAATATGTTCTCTCATTTTCTTTTTTCCTTAATTTCTTTTTATCACACAAGTGAGTTTAATTACAGCTGTCTACCCTACTCCATCCCCTTGCTATTGAGAATTACTTTCTTCTTCTGA
None	4379	4511	-	1	132	ATGTTTGCCCGTAACTCGATTCCTTTATCTTCTCAGATTGCTGCTCATAGTAAAAATACTACACCCCTTTACACATCTCATCCTTTACCTTTCAGGCCACTTTATTGCATTTCCTTTATTCTCTTAGTGTGA
None	374	503	+	3	129	ATGTTGCATTTCCATTTATCTTTTAATGATGAAGTGAGGACAATCCAATCCCATCCTACAGGCTTAAGCCTGGAAGAGGAGGAGAGAGGAGAGAAAAGAGGAGACAAAGTGTTCATTTACTACCAGTGA
None	3856	3979	+	2	123	ATGTTTTTGCTATTTCAGTTCCATTTCCATAAAATTTATTTTATCATCTTTTCTCATAAATTTATGCCCTCTATTTTTACTCCCAATCTGTTTAAGATGAACAAATCTTATAAGGCCACATAG
None	772	895	-	2	123	ATGAGTGGTTTCACAGTATGTGTTATTTCCCTTCTTTACATCCTCCTTTCTACTAAATTTAGTCCATCATCAACTCGGGTATCTGAATCCCACTCAGGTCACCATTTGCCCATAAATCAGTGA
None	1352	1472	+	3	120	ATGCGAGAACGCCCTGATCCCTCTAAGTGCAGAGGTCCATGTAAAATCAGCCCGACTGCCTCTTCACTTGGTTCACAGGCCGAGACAGGGACAGGGCTTTCCTCCCTTTCCTGCCTGTAG
None	3234	3354	-	3	120	ATGCTCACTAAATGGGTAAAATTGACTTTCAGAATGTTTATTCCTGAAGTGGATAGTCATGGGGGGAGGGGAGAACCTAGGCCAAAAGCAACCCGAAACTATTTTTATCCAATAATTTAA
None	3294	3405	+	1	111	ATGACTATCCACTTCAGGAATAAACATTCTGAAAGTCAATTTTACCCATTTAGTGAGCATTTATTTCTAGACAGTTGCCTTATCAAATACCATCTATGTTACGTCATTTAA
None	629	740	+	3	111	ATGCAAGGCAGCAATGGTGTCTGTAGTCTCCGTATTTGGGGAAAAGTTGTCTGTATTCCTGACCCAGTGGAGCGTTTGTGGAGGCAAAATCTTGGTACTGAGGGAAGCTGA
None	1753	1861	-	2	108	ATGTCCTTCTGGCTGTTCCAGTACTCGGCGGCAGGCAGCCCCAGCAGCGTCACCGCCCGGAACTCCCCCACGTCGCTGTCGAAGCGCACGATCTCTTCTCGGTTATAG
None	2371	2476	-	2	105	ATGAATAATGATTTGAAGCCAAAAGTTAAAATATCTTATTTCACAACTGTAATTGCTGAATGTCCTGCGCGCAGTTGTGGAACAGCCCTAACTCCACCAGGCTAA
None	2273	2375	+	3	102	ATGCCCGCCCTCTTCCCCTGCCCGCCCGCCCGCCCCACTAGCACTGCCCCACCCAGCAAGGCCCACGTGCACAGCTCTTGCAGCAGGAAGCTTCAGGCTTAG
None	5627	5726	-	1	99	ATGGATGATAAGGCCCAGCCCGAGGAAGATCAGCCCCAGCACGAAGCCTCCAATGCCACTCAGCATCTTGCTCTGGGCAGATTCAGATTGAGCCCCTGA
None	524	623	-	1	99	ATGCAGGAAATCATAATATTTAGTCCAGGCAAGTCTTGGGACACGCCTAAATGGCAAATCCTGCTGTGTCTTTGGAGAAATTCATATCTTCAAAAATAA
None	6097	6190	-	2	93	ATGAACAGCCACTCTCTCACCCCAAAGGAAAATGACACATGTGACTTAATTAGAGTTATATTCTCTTCCCATTCATGTTCTTCAAGTCCTTAA
None	2619	2709	+	1	90	ATGTACTCAGCTGCCCATCCACTTAGGCTCAAGAAAAAAAAAGAGGTAAACAGAGCCTTAAAAATGGACTTTATTAATTATTTTCTATAA
None	6487	6577	+	2	90	ATGTTAGACACTAGGATGATGCCCACTTTGTGCCACATGATGGTGGCTACTGCCTGTAGGCATTTTCCAGTGACTGAAAGAGGCTGCTAG
None	6259	6346	-	2	87	ATGAACAGAGACCACTACTGTCAGGTACACTCAGCTCATGCTCTTCCCTCTTACACCTGTGCCCTCCCCACACTGGATCACGGCTGA
None	5635	5722	-	2	87	ATGATAAGGCCCAGCCCGAGGAAGATCAGCCCCAGCACGAAGCCTCCAATGCCACTCAGCATCTTGCTCTGGGCAGATTCAGATTGA
None	486	573	-	3	87	ATGGCAAATCCTGCTGTGTCTTTGGAGAAATTCATATCTTCAAAAATAACCCCATGCTCACTTTGTCCTATCACTGGTAGTAAATGA
None	6758	6842	-	1	84	ATGATCAGCACAGGGTACGCTGGTGGGCCTGCCATCTTCCCCACCCCTCAGGGGCCTCCTGCAGCTTCAGACAGACAAAGCTGA
None	5100	5184	-	3	84	ATGGGTCAGAAGGAGCTCTGTCCTTTGTCTTGTGGGGCCCACAGTAACAGAAACTCAATATCCCCTTACGCCACTCCACGGTGA
None	4129	4210	+	2	81	ATGTGTTCACATTACAGGATCATTAACCCAGACCGACCACTGCACAGATCTCAGAATATTTTCTATGGAGAACATACATAA
None	4950	5028	+	1	78	ATGACCAGGAGGAGACAGCTGGCGTTGTGTCCACCCCCCTTATTAGGAATGGTGACTGGACCTTCCAGATCCTGGTGA
None	5532	5610	+	1	78	ATGCCTTCACCTCCTGCATCTCAGACTGGACTTCAGCTCCTCATCAGGGAAACTATGGGGTATGGGGACAAACACTGA
None	5473	5551	-	2	78	ATGCAGGAGGTGAAGGCATCAAAGGAACCTAGTTCTCCATTCAGACCACCCCTAAGGGAGGGAAAGGCCAGCCAATAG
None	6231	6309	-	3	78	ATGCTCTTCCCTCTTACACCTGTGCCCTCCCCACACTGGATCACGGCTGAAATATTACCTGCTGGTGGAGGCCCTTGA
None	3160	3235	-	2	75	ATGGCTTCAATCTATTTATTCCAAAACTTTTGCTCTTTGCATTGTGCCATTTGTTCAGCTTTTCTAAGAAATTAA
None	2151	2226	-	3	75	ATGCATAAGGCACGAGGCAAGAACATGCAGAGCAGAGGACAAGGCCGACGAACGGGTAGGCTGGGGCGACACTAG
None	1297	1369	+	2	72	ATGTGGATAACTTTATCTCTGAGGTACCCAGGAGCTCCATGGAAAATGAGATTTCATGCGAGAACGCCCTGA
None	4705	4777	-	2	72	ATGCCTGCTGTGAGGAAGGTCCCTCCTTGGAACCAGAGTGGAAAGATACTTGGAGTCCAAGTCTTGGATTAA
None	4788	4860	-	3	72	ATGGGGAGATGGTCACTGTGGGCTCCACTGAGGGCAGTAACAGACAGGGAAAGATATAGGAGTGAGATGTGA
None	963	1032	+	1	69	ATGATTTTCTTTTACACAATTATACTTGTGATATGGATATTCTGTTACATAAACTGCCCGGGCTGGTGA
None	6807	6876	+	1	69	ATGGCAGGCCCACCAGCGTACCCTGTGCTGATCATCCCTCTTCTCTCTTCTTCAGGGCTCCTGCACTGA
None	1208	1277	-	1	69	ATGACGAGACAGGTCCAGGAATTAAACCTGTCCTCTTCCGATACGCCTATTCTCTTGGTCCCTGGGTAA
None	896	965	-	1	69	ATGATATCTACACACAGGATGTTAGAAGGAGTGAGAGAGAATTTATGTAAAGTATTGTTCTGTGTCTGA
None	4135	4204	-	2	69	ATGTTCTCCATAGAAAATATTCTGAGATCTGTGCAGTGGTCGGTCTGGGTTAATGATCCTGTAATGTGA
None	5770	5836	+	2	66	ATGGCCTGTGACCCAGACCCTCTGTTCAGAGAGGTCCTGTCTCTAGATGTAGCTCTTTCCTCCTGA
None	5300	5366	+	3	66	ATGCTAGGGAAATTACTCTACATACTGTTGCTCTGGATCCCAGTCCTGATTGCTCTGAGGAACTGA
None	4565	4625	-	1	60	ATGTGCAACCTAGTAACAGACAGCAAAAAACAAAAAGAATGTTATTTCAAAAGTTTGTAA
None	22	82	-	2	60	ATGGATCTGATGTACCTGGCAGAAAGAATAAAAATCTGTGGATGTTTCCATGCGTGGTAG
None	6738	6795	+	1	57	ATGACAATACACTCTGGACCTCAGCTTTGTCTGTCTGAAGCTGCAGGAGGCCCCTGA
None	1096	1153	+	2	57	ATGTTTCTTTCTAGGACTCAGAGATCTAGGACTCCCTTCTTTCTAACACAGACGTGA
None	2611	2668	+	2	57	ATGAATAAATGTACTCAGCTGCCCATCCACTTAGGCTCAAGAAAAAAAAAGAGGTAA
None	4430	4487	+	3	57	ATGAGATGTGTAAAGGGGTGTAGTATTTTTACTATGAGCAGCAATCTGAGAAGATAA
None	6155	6212	-	1	57	ATGCAGAGAAAGGTCTCATTACATGAACAGCCACTCTCTCACCCCAAAGGAAAATGA
None	4151	4208	-	1	57	ATGTATGTTCTCCATAGAAAATATTCTGAGATCTGTGCAGTGGTCGGTCTGGGTTAA
None	3239	3296	-	1	57	ATGGGGGGAGGGGAGAACCTAGGCCAAAAGCAACCCGAAACTATTTTTATCCAATAA
None	5137	5194	-	2	57	ATGGGAAGGGATGGGTCAGAAGGAGCTCTGTCCTTTGTCTTGTGGGGCCCACAGTAA
None	2200	2254	+	2	54	ATGTTCTTGCCTCGTGCCTTATGCATTTGCCTCCTTTTGCCTTACCTTTGCTAA
None	4028	4082	-	1	54	ATGGCACTCATGAGCCATCATCTGGAAGAAATCACGGTTTCTGCTTGGACTTGA
None	6573	6627	-	3	54	ATGAAGGGTTCAATCTTTTTAGGAAATTGGATGATACCTCATCCCTACCACTAG
None	267	321	-	3	54	ATGGAGATCACCATCCCCGTACCCCAGCCCAAGGAGAGCCTGTTCCCAGAGTAG
None	3459	3510	+	1	51	ATGATAAACACTTTATTGGTCATGGATGGGGAGATGGTCACTGTAGGCTAA
None	5593	5644	+	2	51	ATGGGGACAAACACTGACACTCAGGCTCTGCTTCTCAGGGGCTCAATCTGA
None	995	1046	+	3	51	ATGGATATTCTGTTACATAAACTGCCCGGGCTGGTGACTGCCACAGTTTAA
None	3695	3746	+	3	51	ATGTTAATGGGACAAAATGATACTTTCAAGGCATTGAAAATTCATGATTAA
None	4801	4852	-	2	51	ATGGTCACTGTGGGCTCCACTGAGGGCAGTAACAGACAGGGAAAGATATAG
None	4536	4587	-	3	51	ATGTTATTTCAAAAGTTTGTAATATTTGAAAAAAATTTAGGCAGGCCTTGA
None	3387	3438	-	3	51	ATGCTAATCTCTGATGCACAAGTAACTGTGAGATTAAATGACGTAACATAG
None	3840	3888	+	1	48	ATGCCAGCAAATACTTATGTTTTTGCTATTTCAGTTCCATTTCCATAA
None	3089	3137	+	3	48	ATGATCCGCCCGCCTCGGCCTCCCAAAGTGCTGGGATTACAGGTGTGA
None	3865	3913	-	2	48	ATGAGAAAAGATGATAAAATAAATTTTATGGAAATGGAACTGAAATAG
None	3565	3613	-	2	48	ATGTGTAGTGAAGAACACAAAGAATGTTGTGTACTTTGGGAGGCTTAA
None	1705	1753	-	2	48	ATGCTTCTGCTCACAAGACGCACGCGCTCTGTCCCGTTGGTGAAGTAG
None	3670	3715	+	2	45	ATGAGTCTATTCCTGTGTGTTTTCCATGTTAATGGGACAAAATGA
None	5933	5978	-	1	45	ATGGTAAGGATGCCCTGGAATAAGCTCTATCAGTCAGCTCTGTGA
None	3437	3482	-	1	45	ATGACCAATAAAGTGTTTATCATGTACCAATATATAAAGTGGTGA
None	4509	4551	+	1	42	ATGATGTTTGATCAGTGTTATTTGTTTTCAAGGCCTGCCTAA
None	3698	3740	-	1	42	ATGAATTTTCAATGCCTTGAAAGTATCATTTTGTCCCATTAA
None	2468	2510	-	1	42	ATGAATGAGAGCCATTTAAGAAAACAGAATTACGATGAATAA
None	1295	1337	-	1	42	ATGGAGCTCCTGGGTACCTCAGAGATAAAGTTATCCACATAA
None	5059	5101	-	2	42	ATGGGGCTCTGGAGGCTGGGGTGCTCCACGTGGCAGGTGTAG
None	6483	6525	-	3	42	ATGTGGCACAAAGTGGGCATCATCCTAGTGTCTAACATTTAA
None	6462	6501	+	1	39	ATGTGGAGCCAGAACCACGGCTTAAATGTTAGACACTAG
None	538	577	+	2	39	ATGAATTTCTCCAAAGACACAGCAGGATTTGCCATTTAG
None	3185	3224	+	3	39	ATGGCACAATGCAAAGAGCAAAAGTTTTGGAATAAATAG
None	5981	6020	-	1	39	ATGGAGGAAGTTTTTGGAAAGGAGCCAGTGAGACAATGA
None	839	878	-	1	39	ATGTGTTATTTCCCTTCTTTACATCCTCCTTTCTACTAA
None	389	428	-	1	39	ATGGGATTGGATTGTCCTCACTTCATCATTAAAAGATAA
None	2506	2545	-	2	39	ATGATTAAAACACCCTCACCTCAAAGATCTCTGCCATGA
None	2576	2612	+	3	36	ATGTGGTGTGAGCTCAATGATCTTCTGTTAAATTAA
None	3554	3590	-	1	36	ATGTTGTGTACTTTGGGAGGCTTAAGGTCTTGGTGA
None	3307	3343	-	2	36	ATGGGTAAAATTGACTTTCAGAATGTTTATTCCTGA
None	2508	2541	+	1	33	ATGGCAGAGATCTTTGAGGTGAGGGTGTTTTAA
None	4643	4676	+	3	33	ATGGTATGTTGTTTGTCTTTGGATTCTCAGTGA
None	6083	6116	-	1	33	ATGTTCTTCAAGTCCTTAAGCACCCTAATTTAA
None	1160	1193	-	1	33	ATGCCTGGATTTACCCTCCCAAGTGCCCTGTGA
None	4612	4645	-	2	33	ATGGTCCCTGCCTTTATAAAATGTGCAACCTAG
None	3058	3091	-	2	33	ATGAGGTCAGGAGATCCAGACCATCCTGGCTAA
None	2495	2525	+	3	30	ATGGCTCTCATTCATGGCAGAGATCTTTGA
None	3947	3977	-	1	30	ATGTGGCCTTATAAGATTTGTTCATCTTAA
None	5955	5985	-	3	30	ATGATGAATGGTAAGGATGCCCTGGAATAA
None	4212	4239	+	1	27	ATGCCTGATTTCAGAAGAAGAAAGTAA
None	5256	5283	+	1	27	ATGGCGAGTGCATCAGAAGAATCCTGA
None	3193	3220	+	2	27	ATGCAAAGAGCAAAAGTTTTGGAATAA
None	6118	6145	+	2	27	ATGGGAAGAGAATATAACTCTAATTAA
None	493	520	-	2	27	ATGCTCACTTTGTCCTATCACTGGTAG
None	3360	3387	-	3	27	ATGGTATTTGATAAGGCAACTGTCTAG
None	2541	2568	-	3	27	ATGTGTCAGGTACTAGGCATGCAATGA
None	3738	3762	+	1	24	ATGATTAATCAATCCCTAGTCTGA
None	6150	6174	+	1	24	ATGTGTCATTTTCCTTTGGGGTGA
None	6585	6609	+	1	24	ATGAGGTATCATCCAATTTCCTAA
None	4324	4348	+	2	24	ATGAGAGAACATATTACTAAATAA
None	518	542	+	3	24	ATGGGGTTATTTTTGAAGATATGA
None	3711	3732	+	1	21	ATGATACTTTCAAGGCATTGA
None	6114	6135	+	1	21	ATGAATGGGAAGAGAATATAA
None	3484	3505	+	2	21	ATGGGGAGATGGTCACTGTAG
None	6193	6214	+	2	21	ATGAGACCTTTCTCTGCATAA
None	6344	6365	+	3	21	ATGGTATATTTGCTGCTATGA
None	5237	5258	-	1	21	ATGGAACTAGAGGTGCTCTAG
None	4340	4361	-	1	21	ATGTATGCTTTCTTTATTTAG
None	5248	5269	-	2	21	ATGCACTCGCCATGGAACTAG
None	3676	3697	-	2	21	ATGGAAAACACACAGGAATAG
None	5268	5289	-	3	21	ATGAGATCAGGATTCTTCTGA
None	3067	3085	+	2	18	ATGGTCTGGATCTCCTGA
None	4435	4453	+	2	18	ATGTGTAAAGGGGTGTAG
None	6361	6379	+	2	18	ATGAGGATCAAGACTTAG
None	6141	6159	-	3	18	ATGACACATGTGACTTAA
None	1374	1392	-	3	18	ATGGACCTCTGCACTTAG
None	2592	2607	+	1	15	ATGATCTTCTGTTAA
None	4071	4086	+	1	15	ATGAGTGCCATTTAA
None	2548	2563	+	2	15	ATGCCTAGTACCTGA
None	782	797	+	3	15	ATGGGCAAATGGTGA
None	3506	3521	-	1	15	ATGTACCAATATTAG
None	2491	2506	-	2	15	ATGAGAGCCATTTAA
None	399	411	+	1	12	ATGATGAAGTGA
None	5409	5421	+	1	12	ATGAGTTCCTGA
None	5511	5523	+	1	12	ATGGAGAACTAG
None	790	802	+	2	12	ATGGTGACCTGA
None	1045	1057	+	2	12	ATGGGAATCTAG
None	5564	5576	-	1	12	ATGAGGAGCTGA
None	3605	3617	-	1	12	ATGGATGTGTAG
None	3413	3425	-	1	12	ATGCACAAGTAA
None	4140	4152	-	3	12	ATGATCCTGTAA
None	3891	3903	-	3	12	ATGATAAAATAA
None	2625	2637	-	3	12	ATGGGCAGCTGA
None	2718	2727	+	1	9	ATGCTTTAA
None	4401	4410	+	1	9	ATGCAATAA
None	6307	6316	+	2	9	ATGAGCTGA
None	4256	4265	+	3	9	ATGGAGTAG
None	6698	6707	+	3	9	ATGAGCTGA
None	3539	3548	-	1	9	ATGGGCTGA
None	3392	3401	-	1	9	ATGACGTAA
None	2950	2959	-	2	9	ATGGCGTGA
None	3720	3729	-	3	9	ATGCCTTGA
None	2460	2469	-	3	9	ATGATTTGA
None	1390	1396	+	2	6	ATGTAA
None	854	860	+	3	6	ATGTAA
None	5816	5822	+	3	6	ATGTAG
None	6188	6194	+	3	6	ATGTAA
None	6146	6152	-	1	6	ATGTGA
None	3830	3836	-	1	6	ATGTGA
None	1007	1013	-	1	6	ATGTAA
None	5317	5323	-	2	6	ATGTAG
None	915	921	-	3	6	ATGTAA
